SNP,CHR,BP,GENE,A1,A2,FRQ,OR,L95,U95,P,BETA,SE
rs10808026,7,143099133,EPHA1,C,A,0.199,0.9,0.88,0.93,1.3e-10,-0.10536051565782628,0.011465742781662553
rs10933431,2,233981912,INPP5D,C,G,0.223,0.91,0.88,0.94,3.4e-9,-0.09431067947124129,0.017103414305430407
rs11218343,11,121435587,SORL1,T,C,0.04,0.8,0.75,0.85,2.9e-12,-0.2231435513142097,0.032927816906924076
rs114812713,6,41034000,OARD1,G,C,0.03,1.32,1.22,1.42,2.1e-13,0.27763173659827955,0.04019432543526244
rs12539172,7,100091795,NYAP1g,C,T,0.303,0.92,0.9,0.95,9.3e-10,-0.08338160893905101,0.011213727917742484
rs12881735,14,92932828,SLC24A4,T,C,0.221,0.92,0.89,0.94,7.4e-9,-0.08338160893905101,0.01691439148821454
rs138190086,17,61538148,ACE,G,A,0.02,1.3,1.19,1.42,5.3e-9,0.26236426446749106,0.04510763129798626
rs17125924,14,53391680,FERMT2,A,G,0.093,1.14,1.09,1.18,1.4e-9,0.131028262406404,0.02288294192109775
rs2830500,21,28156856,ADAMTS1,C,A,0.308,0.93,0.91,0.96,2.6e-8,-0.07257069283483537,0.011091829916533631
rs3740688,11,47380340,SPI1h,T,G,0.448,0.92,0.89,0.94,5.4e-13,-0.08338160893905101,0.01691439148821454
rs3752246,19,1056492,ABCA7,C,G,0.182,1.15,1.11,1.18,3.1e-16,0.13976194237515863,0.01806220767903866
rs3851179,11,85868640,PICALM,C,T,0.356,0.88,0.86,0.9,6e-25,-0.12783337150988489,0.01172934603300958
rs429358,19,45411941,APOE,T,C,0.216,3.32,3.2,3.45,0,1.199964782928397,0.018782639348324578
rs4844610,1,207802552,CR1,C,A,0.187,1.17,1.13,1.21,3.6e-24,0.1570037488096647,0.017748018410926318
rs593742,15,59045774,ADAM10,A,G,0.295,0.93,0.91,0.95,6.8e-9,-0.07257069283483537,0.011091829916533631
rs6024870,20,54997568,CASS4,G,A,0.088,0.88,0.85,0.92,3.5e-8,-0.12783337150988489,0.01769671325912758
rs62039712,16,79355857,WWOX,G,A,0.116,1.16,1.1,1.23,3.7e-8,0.14842000511827322,0.027096849649973616
rs6733839,2,127892810,BIN1,C,T,0.407,1.2,1.17,1.23,2.1e-44,0.1823215567939546,0.012917248971576478
rs7185636,16,19808163,IQCK,T,C,0.18,0.92,0.89,0.95,2.4e-8,-0.08338160893905101,0.01691439148821454
rs73223431,8,27219987,PTK2B,C,T,0.367,1.1,1.07,1.13,6.3e-14,0.09531017980432493,0.014107924148219424
rs75932628,6,41129252,TREM2,C,T,0.008,2.08,1.73,2.49,2.7e-15,0.7323678937132266,0.09400330877731583
rs7920721,10,11720308,ECHDC3,A,G,0.39,1.08,1.06,1.11,1.8e-11,0.0769610411361284,0.009536802557220699
rs7933202,11,59936926,MS4A2,A,C,0.391,0.89,0.87,0.92,1.9e-19,-0.11653381625595151,0.011596046468140891
rs9271058,6,32575406,HLA-DRB1,T,A,0.27,1.1,1.07,1.13,1.4e-11,0.09531017980432493,0.014107924148219424
rs9331896,8,27467686,CLU,T,C,0.387,0.88,0.85,0.9,4.6e-24,-0.12783337150988489,0.01769671325912758
rs9473117,6,47431284,CD2AP,A,C,0.28,1.09,1.06,1.12,1.2e-10,0.08617769624105241,0.014239177610753362
